{
  "avg_diag": 19.3558140775723,
  "avg_volume": 1083.06,
  "avg_surface_area": 627.68,
  "avg_alpha": 56.65013522716009,
  "avg_beta": 57.81301785556441,
  "avg_gamma": 55.4990080142375,
  "avg_radius_described_sphere": 9.67790703878615,
  "avg_volume_described_sphere": 4652.9343542855895
}